{
    "info": {
        "name": "SGHSS Pacientes - RU 4493981",
        "_postman_id": "c4b7e72c-aaaa-44ee-bbbb-1234567890ff",
        "description": "Coleção de testes para pacientes no SGHSS",
        "schema": "https://schema.getpostman.com/json/collection/v2.1.0/collection.json"
    },
    "item": [
        {
            "name": "Login Paciente",
            "request": {
                "method": "POST",
                "header": [
                    {
                        "key": "Content-Type",
                        "value": "application/json"
                    }
                ],
                "body": {
                    "mode": "raw",
                    "raw": "{\n  \"email\": \"paciente@ex.com\",\n  \"senha\": \"123456\"\n}"
                },
                "url": {
                    "raw": "http://127.0.0.1:5000/pacientes/login",
                    "protocol": "http",
                    "host": [
                        "127.0.0.1"
                    ],
                    "port": "5000",
                    "path": [
                        "pacientes",
                        "login"
                    ]
                }
            }
        },
        {
            "name": "Listar Horários Disponíveis",
            "request": {
                "method": "GET",
                "header": [
                    {
                        "key": "Authorization",
                        "value": "Bearer {{token}}"
                    }
                ],
                "url": {
                    "raw": "http://127.0.0.1:5000/pacientes/agendas/horarios",
                    "protocol": "http",
                    "host": [
                        "127.0.0.1"
                    ],
                    "port": "5000",
                    "path": [
                        "pacientes",
                        "agendas",
                        "horarios"
                    ]
                }
            }
        },
        {
            "name": "Marcar Consulta",
            "request": {
                "method": "POST",
                "header": [
                    {
                        "key": "Content-Type",
                        "value": "application/json"
                    },
                    {
                        "key": "Authorization",
                        "value": "Bearer {{token}}"
                    }
                ],
                "body": {
                    "mode": "raw",
                    "raw": "{\n  \"agenda_id\": 1,\n  \"horario\": \"09:00\",\n  \"paciente_id\": 1\n}"
                },
                "url": {
                    "raw": "http://127.0.0.1:5000/pacientes/consultas",
                    "protocol": "http",
                    "host": [
                        "127.0.0.1"
                    ],
                    "port": "5000",
                    "path": [
                        "pacientes",
                        "consultas"
                    ]
                }
            }
        },
        {
            "name": "Cancelar Consulta",
            "request": {
                "method": "PUT",
                "header": [
                    {
                        "key": "Authorization",
                        "value": "Bearer {{token}}"
                    }
                ],
                "url": {
                    "raw": "http://127.0.0.1:5000/pacientes/consultas/1/cancelar",
                    "protocol": "http",
                    "host": [
                        "127.0.0.1"
                    ],
                    "port": "5000",
                    "path": [
                        "pacientes",
                        "consultas",
                        "1",
                        "cancelar"
                    ]
                }
            }
        },
        {
            "name": "Histórico de Consultas",
            "request": {
                "method": "GET",
                "header": [
                    {
                        "key": "Authorization",
                        "value": "Bearer {{token}}"
                    }
                ],
                "url": {
                    "raw": "http://127.0.0.1:5000/pacientes/consultas/historico/1",
                    "protocol": "http",
                    "host": [
                        "127.0.0.1"
                    ],
                    "port": "5000",
                    "path": [
                        "pacientes",
                        "consultas",
                        "historico",
                        "1"
                    ]
                }
            }
        }
    ],
    "variable": [
        {
            "key": "token",
            "value": ""
        }
    ]
}