{
    "info": {
        "name": "SGHSS Profissionais - RU 4493981",
        "_postman_id": "b7f6b8f9-4493981-1234-5678-abcdef123456",
        "description": "Coleção de testes para profissionais do SGHSS",
        "schema": "https://schema.getpostman.com/json/collection/v2.1.0/collection.json"
    },
    "item": [
        {
            "name": "Login Profissional (Get Token)",
            "request": {
                "method": "POST",
                "header": [
                    {
                        "key": "Content-Type",
                        "value": "application/json"
                    }
                ],
                "body": {
                    "mode": "raw",
                    "raw": "{\n  \"crm\": \"123456\",\n  \"senha\": \"123456\"\n}"
                },
                "url": {
                    "raw": "http://127.0.0.1:5000/profissionais/login",
                    "protocol": "http",
                    "host": [
                        "127.0.0.1"
                    ],
                    "port": "5000",
                    "path": [
                        "profissionais",
                        "login"
                    ]
                }
            }
        },
        {
            "name": "Criar Agenda",
            "request": {
                "method": "POST",
                "header": [
                    {
                        "key": "Authorization",
                        "value": "Bearer {{token}}",
                        "type": "text"
                    },
                    {
                        "key": "Content-Type",
                        "value": "application/json"
                    }
                ],
                "body": {
                    "mode": "raw",
                    "raw": "{\n  \"data\": \"2025-12-01\"\n}"
                },
                "url": {
                    "raw": "http://127.0.0.1:5000/profissionais/agendas",
                    "protocol": "http",
                    "host": [
                        "127.0.0.1"
                    ],
                    "port": "5000",
                    "path": [
                        "profissionais",
                        "agendas"
                    ]
                }
            }
        },
        {
            "name": "Disponibilizar Horários",
            "request": {
                "method": "POST",
                "header": [
                    {
                        "key": "Authorization",
                        "value": "Bearer {{token}}",
                        "type": "text"
                    },
                    {
                        "key": "Content-Type",
                        "value": "application/json"
                    }
                ],
                "body": {
                    "mode": "raw",
                    "raw": "{\n  \"horarios\": [\"09:00\", \"10:00\", \"11:00\"]\n}"
                },
                "url": {
                    "raw": "http://127.0.0.1:5000/profissionais/agendas/{{agenda_id}}/horarios",
                    "protocol": "http",
                    "host": [
                        "127.0.0.1"
                    ],
                    "port": "5000",
                    "path": [
                        "profissionais",
                        "agendas",
                        "{{agenda_id}}",
                        "horarios"
                    ]
                }
            }
        },
        {
            "name": "Listar Consultas do Profissional",
            "request": {
                "method": "GET",
                "header": [
                    {
                        "key": "Authorization",
                        "value": "Bearer {{token}}",
                        "type": "text"
                    }
                ],
                "url": {
                    "raw": "http://127.0.0.1:5000/profissionais/consultas/profissional/{{profissional_id}}",
                    "protocol": "http",
                    "host": [
                        "127.0.0.1"
                    ],
                    "port": "5000",
                    "path": [
                        "profissionais",
                        "consultas",
                        "profissional",
                        "{{profissional_id}}"
                    ]
                }
            }
        },
        {
            "name": "Listar Agendas",
            "request": {
                "method": "GET",
                "header": [
                    {
                        "key": "Authorization",
                        "value": "Bearer {{token}}",
                        "type": "text"
                    }
                ],
                "url": {
                    "raw": "http://127.0.0.1:5000/profissionais/agendas",
                    "protocol": "http",
                    "host": [
                        "127.0.0.1"
                    ],
                    "port": "5000",
                    "path": [
                        "profissionais",
                        "agendas"
                    ]
                }
            }
        },
        {
            "name": "Apagar Agenda por ID",
            "request": {
                "method": "DELETE",
                "header": [
                    {
                        "key": "Authorization",
                        "value": "Bearer {{token}}",
                        "type": "text"
                    }
                ],
                "url": {
                    "raw": "http://127.0.0.1:5000/profissionais/agendas/{{agenda_id}}",
                    "protocol": "http",
                    "host": [
                        "127.0.0.1"
                    ],
                    "port": "5000",
                    "path": [
                        "profissionais",
                        "agendas",
                        "{{agenda_id}}"
                    ]
                }
            }
        }
    ],
    "variable": [
        {
            "key": "token",
            "value": ""
        },
        {
            "key": "profissional_id",
            "value": "1"
        },
        {
            "key": "agenda_id",
            "value": "1"
        }
    ]
}